{"val_loss": [0.14597706093788146, 0.12273200190067292, 0.10588904809951782, 0.09870919964313507, 0.09238688368797303, 0.08979063301086426, 0.08799374685287475, 0.08558488364219666, 0.08387257807254792, 0.08214953649044036, 0.0816007493019104, 0.07810958569049835, 0.07742772755622863, 0.0760642769575119, 0.0749319763660431, 0.07433745188713074, 0.07433046636581421, 0.07438842549324036, 0.07307933533191681, 0.07253342318534851, 0.07119122183322907, 0.07200095202922821, 0.07368961765766144, 0.0707168571472168, 0.0715400430560112, 0.07083852019309998, 0.07235779765844345, 0.07009277055263519, 0.07131883828639984, 0.07007923307418823, 0.07124521245956421, 0.06940349396467209, 0.06963527383804322, 0.06902457702159881, 0.06928498330116271, 0.07012601041793823, 0.06866298122406006, 0.06917246255874633, 0.06879367685317993, 0.07250142469406128, 0.06869156618118286, 0.06834019167423248, 0.06937321897745133, 0.06900336095094681, 0.06845082976818084, 0.06990191869735718, 0.06840120170116425, 0.06748155219554901, 0.06774245626926421, 0.06747656853199005, 0.06847921847105026, 0.06930543595552445, 0.06935829358100891, 0.06897167904376984, 0.06800196734666825, 0.06716748076677323, 0.06778820943832398, 0.06682582080364227, 0.06700061130523681, 0.06910415368080139, 0.06684455896615982, 0.06714244801998139, 0.0670319871544838, 0.06719901133775712, 0.06969069601297379, 0.06704596562385559, 0.06704526770114899, 0.06678143476247787, 0.06945696485042573, 0.06808596289157867, 0.06666192387342453, 0.06699094629287719, 0.06690515329837798, 0.06624798392057418, 0.06736567128896713, 0.06682621541023255, 0.06811346917152405, 0.06609440138339996, 0.06719934335947036, 0.06617368224859238, 0.06737446346282959, 0.06813076901435852, 0.06771278870105743, 0.06821062912940978, 0.06686909239292145, 0.06649150421619415, 0.06671221400499344, 0.06609135363101959, 0.06629401669502258, 0.0687451076388359, 0.066055311191082, 0.06769989600181579, 0.0678140207529068, 0.06629444774389268, 0.06623712370395661, 0.06707161232233047, 0.0666460208773613, 0.0676209413766861, 0.06594103916883469, 0.06798502192497254], "val_acc": [0.9543999998092652, 0.9578999998092651, 0.9661999998092652, 0.9704, 0.9704, 0.9709, 0.9715000000953674, 0.9724000000953674, 0.9735000001907349, 0.9734000000953674, 0.9738000004768371, 0.9745000004768372, 0.9757000004768371, 0.9753000001907348, 0.9756000004768371, 0.9760000003814697, 0.9762000005722046, 0.9759000003814697, 0.9769000004768371, 0.9768000003814697, 0.9766000004768371, 0.9768000005722046, 0.9760000004768371, 0.9772000003814697, 0.9767000005722046, 0.9769000003814697, 0.9755000005722045, 0.9769000005722046, 0.9761000006675721, 0.9762000004768372, 0.9767000004768371, 0.9764000004768372, 0.9769000004768371, 0.9767000004768371, 0.9769000004768371, 0.9762000006675721, 0.9773000004768372, 0.9769000004768371, 0.9773000005722046, 0.9759000004768371, 0.9773000004768372, 0.9774000004768372, 0.9767000004768371, 0.9768000004768371, 0.9767000004768371, 0.9768000004768371, 0.9769000004768371, 0.9763000004768372, 0.9769000004768371, 0.9773000004768372, 0.976500000667572, 0.975300000667572, 0.9765000004768372, 0.977700000667572, 0.976400000667572, 0.9765000004768372, 0.9770000005722046, 0.977300000667572, 0.9775000004768372, 0.9768000005722046, 0.9772000004768372, 0.9761000004768372, 0.9772000006675721, 0.9763000005722046, 0.9762000007629394, 0.977000000667572, 0.9767000004768371, 0.9773000004768372, 0.975800000667572, 0.9763000007629394, 0.977800000667572, 0.9777000005722046, 0.977100000667572, 0.976400000667572, 0.9764000007629394, 0.9775000005722045, 0.977600000667572, 0.977100000667572, 0.976400000667572, 0.9771000007629395, 0.976800000667572, 0.9762000006675721, 0.9764000005722046, 0.9771000007629395, 0.9769000005722046, 0.976500000667572, 0.9766000007629394, 0.9770999992370606, 0.977400000667572, 0.976400000667572, 0.9775000007629394, 0.976600000667572, 0.976700000667572, 0.977000000667572, 0.976800000667572, 0.9778000005722046, 0.977100000667572, 0.9766000007629394, 0.9772000005722046, 0.976600000667572], "loss": [0.20790257604354273, 0.14053255263819486, 0.12133295012397431, 0.10947589225691143, 0.10345554121946542, 0.09951767295890449, 0.09656059113501919, 0.09374901889317246, 0.09121068276996531, 0.08923244949585069, 0.08704544497406676, 0.08555231532684351, 0.08412890715694714, 0.08300695911821564, 0.08207102067028318, 0.08122577596556003, 0.08044501873493777, 0.0801147500300214, 0.07938137134033246, 0.07865248122104514, 0.07818249914348854, 0.07780279532972509, 0.07737688449826022, 0.07733040078364894, 0.07683703525778081, 0.07683764632595039, 0.07632391091206785, 0.07593568877680722, 0.07578224970032359, 0.07573517811635543, 0.07530142824420348, 0.07523253351370476, 0.07486218774906925, 0.0746145713750615, 0.07456631285531119, 0.07430674833479285, 0.07444182423968716, 0.07416726307760055, 0.07409210755467203, 0.07382253083150157, 0.07398653690233101, 0.07398386343959226, 0.07351099508196599, 0.07335124449727005, 0.07339806787638194, 0.07307241212814271, 0.07313457376150376, 0.07266157871982896, 0.07288134100106483, 0.07269022055077907, 0.07243520761594743, 0.0725539158546983, 0.07233635481396472, 0.07265869071001237, 0.07248205792114956, 0.07220656504980005, 0.07229958698368782, 0.07195335670586929, 0.07188108576274124, 0.0717452908188575, 0.07182853548632487, 0.07171434257498288, 0.07168386775282362, 0.07159404097550126, 0.0716226410732637, 0.07133313667896087, 0.07130478098309552, 0.07127582426947815, 0.0711102354616609, 0.07125013251057145, 0.0711622398773096, 0.07089304439549605, 0.07111871862052467, 0.07072789682815223, 0.07049891039891412, 0.07076743476409121, 0.07075125328148171, 0.07037459523591977, 0.07054191120440866, 0.0703256818796892, 0.07027507612217158, 0.07031074212899233, 0.07034758668451686, 0.07058749992825185, 0.07011697453097467, 0.07033820429936492, 0.07021867768894065, 0.06973549711353834, 0.06991145378630753, 0.06981121220504424, 0.07005095340114458, 0.06977514084424409, 0.06999569848017524, 0.06974163922462816, 0.0695780957628155, 0.0696806817319452, 0.06963742045090712, 0.06946807306000698, 0.06945709320048964, 0.06977150303260515],